section,method,k,l,nodes,edges,average_degree,min_degree,max_degree,density,mean_edge_distance,median_edge_distance,min_edge_distance,max_edge_distance,q25_edge_distance,q75_edge_distance,n_spots,n_connections,mean_weight,median_weight,min_weight,max_weight,mean_weighted_degree,mean_distance,median_distance
151507,STAGATE,6.0,,4221.0,12895.0,6.0,6.0,6.0,0.001447849895186671,142.09841083671674,138.0,137.0,364.90683742566404,137.92751719653333,138.42326394071193,,,,,,,,,
151507,GraphST,3.0,,4221.0,7248.0,3.4342572850035538,3.0,6.0,0.0008138050438397047,137.85105489914537,137.92751719653333,137.0,240.00208332429116,137.55726080436466,138.0,,,,,,,,,
151507,SpaGCN,,62.021098632812496,,,,,,,,,,,,,4221.0,577734.0,0.003634088672697544,3.3866224646026856e-23,6.249791150888684e-43,0.08718904852867126,0.4974026679992676,590.4313668642706,630.9080757130947
151508,STAGATE,6.0,,4380.0,13396.0,6.0,6.0,6.0,0.0013968702848067937,142.27483843542623,138.0,137.0,413.0048425866215,137.92751719653333,138.42326394071193,,,,,,,,,
151508,GraphST,3.0,,4380.0,7546.0,3.445662100456621,3.0,7.0,0.0007868604933675773,137.8786468820751,137.92751719653333,137.0,365.65831044842946,137.55726080436466,138.0,,,,,,,,,
151508,SpaGCN,,62.021098632812496,,,,,,,,,,,,,4380.0,599592.0,0.003632465610280633,3.3866224646026856e-23,6.58610278232664e-43,0.08718904852867126,0.49725964665412903,590.5415092650934,630.9080757130947
151509,STAGATE,6.0,,4787.0,14606.0,6.0,6.0,6.0,0.0012750439949539476,142.9412727573869,139.29106216839614,138.0,279.0788419067271,139.0,139.7891269019161,,,,,,,,,
151509,GraphST,3.0,,4787.0,8237.0,3.4414038019636517,3.0,6.0,0.0007190563731641562,139.03129513764608,139.0,138.0,240.63457773146402,139.0,139.29106216839614,,,,,,,,,
151509,SpaGCN,,62.509375,,,,,,,,,,,,,4787.0,659378.0,0.003599756397306919,3.007084443705304e-23,5.338947149077553e-43,0.0874313935637474,0.49584293365478516,596.1786534874668,636.6050581011747
151510,STAGATE,6.0,,4593.0,14018.0,6.0,6.0,6.0,0.0013292838442987398,142.6134119576219,138.92443989449805,137.92751719653333,278.3540910423269,138.7984149765407,139.00359707575916,,,,,,,,,
151510,GraphST,3.0,,4593.0,8032.0,3.4974961898541257,3.0,5.0,0.0007616498671285118,138.58949247984532,138.7984149765407,137.92751719653333,240.2769235694514,138.00362314084367,138.7984149765407,,,,,,,,,
151510,SpaGCN,,62.509375,,,,,,,,,,,,,4593.0,630796.0,0.0036711543798446655,4.2791652518630675e-23,1.0761972206014595e-42,0.08765541017055511,0.5041910409927368,593.8400903509751,634.4359699764823
151669,STAGATE,6.0,,3636.0,11162.0,6.0,6.0,6.0,0.0016890547376608362,143.71071615854507,138.00362314084367,137.0,413.0012106519786,137.92751719653333,138.42326394071193,,,,,,,,,
151669,GraphST,3.0,,3636.0,6357.0,3.4966996699669965,3.0,6.0,0.00096195314166905,138.11630429238838,137.92751719653333,137.0,364.9465714320385,137.55726080436466,138.0,,,,,,,,,
151669,SpaGCN,,62.021098632812496,,,,,,,,,,,,,3636.0,487932.0,0.0036713951267302036,3.495312035668399e-23,6.263804135531932e-43,0.08718904852867126,0.4926818311214447,589.7432079545395,630.7154667518469
151670,STAGATE,6.0,,3484.0,10661.0,6.0,6.0,6.0,0.0017570993505275584,142.8078245155886,138.0,137.0,365.3833603217311,137.92751719653333,138.42326394071193,,,,,,,,,
151670,GraphST,3.0,,3484.0,6006.0,3.4477611940298507,3.0,6.0,0.000989882628202656,138.02434775347635,137.92751719653333,137.0,275.98007174431996,137.55726080436466,138.0,,,,,,,,,
151670,SpaGCN,,62.021098632812496,,,,,,,,,,,,,3484.0,470002.0,0.003671938320621848,3.495312035668399e-23,7.763193492359487e-43,0.08718904852867126,0.495355486869812,589.5766723082155,630.7154667518469
151671,STAGATE,6.0,,4093.0,12503.0,6.0,6.0,6.0,0.0014930242344474353,142.37798091494057,138.00362314084367,137.0,365.0986168146902,137.92751719653333,138.42326394071193,,,,,,,,,
151671,GraphST,3.0,,4093.0,7169.0,3.5030539946249695,3.0,6.0,0.0008560738012279984,138.01853343021205,137.92751719653333,137.0,276.0018115882575,137.55726080436466,138.0,,,,,,,,,
151671,SpaGCN,,62.021098632812496,,,,,,,,,,,,,4093.0,558216.0,0.0036387359723448753,3.495312035668399e-23,6.263804135531932e-43,0.08718904852867126,0.4962620735168457,590.4220894732427,630.7154667518469
151672,STAGATE,6.0,,3888.0,11886.0,6.0,6.0,6.0,0.0015729862441122195,142.30307651466637,138.0,137.0,364.00137362378183,137.92751719653333,138.42326394071193,,,,,,,,,
151672,GraphST,3.0,,3888.0,6700.0,3.4465020576131686,3.0,6.0,0.0008866740564994003,137.82855040140578,137.92751719653333,137.0,239.26763257908496,137.55726080436466,138.0,,,,,,,,,
151672,SpaGCN,,62.021098632812496,,,,,,,,,,,,,3888.0,529160.0,0.0036501255817711353,3.495312035668399e-23,7.763193492359487e-43,0.08718904852867126,0.49678513407707214,590.167063981149,630.7154667518469
151673,STAGATE,6.0,,3611.0,11085.0,6.0,6.0,6.0,0.001700712887905607,143.75251011449598,138.00362314084367,137.0,631.4950514453775,137.92751719653333,138.06158046321215,,,,,,,,,
151673,GraphST,3.0,,3611.0,6348.0,3.515923566878981,3.0,7.0,0.0009739400462268645,138.39636681616375,137.92751719653333,137.0,553.4509915069265,137.55726080436466,138.00362314084367,,,,,,,,,
151673,SpaGCN,,62.021098632812496,,,,,,,,,,,,,3611.0,486802.0,0.003658983390778303,3.5766451727184955e-23,6.1937392123156915e-43,0.08718904852867126,0.49327072501182556,590.1507560892755,630.5751343020116
151674,STAGATE,6.0,,3635.0,11160.0,6.0,6.0,6.0,0.0016896815116896134,143.54122210666486,138.00362314084367,137.00364958642524,365.0164379860173,137.92751719653333,138.06158046321215,,,,,,,,,
151674,GraphST,3.0,,3635.0,6376.0,3.5081155433287483,3.0,6.0,0.0009653592579330622,138.0011761868489,137.92751719653333,137.00364958642524,275.85503439306666,137.55726080436466,138.00362314084367,,,,,,,,,
151674,SpaGCN,,62.021098632812496,,,,,,,,,,,,,3635.0,488894.0,0.0036646954249590635,3.5766451727184955e-23,6.1937392123156915e-43,0.08717772364616394,0.4928879141807556,589.9578056074048,630.5751343020116
151675,STAGATE,6.0,,3566.0,10951.0,6.0,6.0,6.0,0.0017228318882007805,143.90799545984282,138.00362314084367,137.00364958642524,365.20268345125834,137.92751719653333,138.06158046321215,,,,,,,,,
151675,GraphST,3.0,,3566.0,6257.0,3.5092540661805947,3.0,7.0,0.0009843629919160154,138.2852266065739,137.92751719653333,137.00364958642524,276.4814641164937,137.55726080436466,138.00362314084367,,,,,,,,,
151675,SpaGCN,,62.021098632812496,,,,,,,,,,,,,3566.0,474148.0,0.003695945255458355,3.5766451727184955e-23,6.1937392123156915e-43,0.08717772364616394,0.4914259910583496,588.9447728707033,630.5751343020116
151676,STAGATE,6.0,,3431.0,10523.0,6.0,6.0,6.0,0.0017883590959804831,143.38107548538628,138.00362314084367,137.00364958642524,413.01089574005186,137.92751719653333,138.06158046321215,,,,,,,,,
151676,GraphST,3.0,,3431.0,5997.0,3.495773826872632,3.0,6.0,0.0010191760428200094,137.9781995901985,137.92751719653333,137.00364958642524,275.85503439306666,137.55726080436466,138.00362314084367,,,,,,,,,
151676,SpaGCN,,62.021098632812496,,,,,,,,,,,,,3431.0,460294.0,0.0036761171650141478,3.5766451727184955e-23,6.1937392123156915e-43,0.08717772364616394,0.4931783080101013,589.8090421220816,630.5751343020116
