section,comparison,mean_jaccard,median_jaccard,std_jaccard
151507,STAGATE vs GraphST,0.5720828961767128,0.5,0.09060195973243337
151508,STAGATE vs GraphST,0.5738638834529246,0.5,0.09322603975592224
151509,STAGATE vs GraphST,0.5734628507764084,0.5,0.09411111581423535
151510,STAGATE vs GraphST,0.5827449638684126,0.5,0.0938855080996113
151669,STAGATE vs GraphST,0.5821071690502383,0.5,0.09807517077336662
151670,STAGATE vs GraphST,0.5737657864523537,0.5,0.09563741071590423
151671,STAGATE vs GraphST,0.583231533512501,0.5,0.09751246864352531
151672,STAGATE vs GraphST,0.5740067117381933,0.5,0.09436713909039537
151673,STAGATE vs GraphST,0.5852866901399164,0.5,0.11240012771192903
151674,STAGATE vs GraphST,0.5840178162048864,0.5,0.11285162891648556
151675,STAGATE vs GraphST,0.5837940335977352,0.5,0.11163539392862142
151676,STAGATE vs GraphST,0.5823236318718684,0.5,0.11115573137184286
