section,n_spots,n_clusters,STAGATE_PFN_ARI,STAGATE_PFN_NMI,STAGATE_PFN_pred_k,STAGATE_KMeans_ARI,STAGATE_KMeans_NMI,STAGATE_Louvain_ARI,STAGATE_Louvain_NMI,STAGATE_Louvain_pred_k,GraphST_PFN_ARI,GraphST_PFN_NMI,GraphST_PFN_pred_k,GraphST_KMeans_ARI,GraphST_KMeans_NMI,GraphST_Louvain_ARI,GraphST_Louvain_NMI,GraphST_Louvain_pred_k,SpaGCN_PFN_ARI,SpaGCN_PFN_NMI,SpaGCN_PFN_pred_k,SpaGCN_KMeans_ARI,SpaGCN_KMeans_NMI,SpaGCN_Louvain_ARI,SpaGCN_Louvain_NMI,SpaGCN_Louvain_pred_k
151507,4221,7,0.44966418648131024,0.5371084383963364,7,0.42887112410978917,0.5770749329247749,0.4762045597653034,0.617745554484506,7,0.0025766521042425374,0.013376817498498852,2,0.19144725458791384,0.27934476010062664,0.20423723894119447,0.2371076360283871,7,0.3837029183256327,0.46915725332976416,5,0.42387283544386745,0.5534781801037016,0.4104774257232454,0.5200503517500575,7
151508,4380,7,0.3740624840147841,0.4802583660124593,7,0.48168036419906096,0.5739213913994371,0.44302152753193735,0.5713007944515449,7,0.0,0.0,1,0.17294257572192126,0.2165576284096311,0.13604255744107194,0.14730177892579552,7,0.288328378282188,0.37680941196221823,6,0.2779378289939683,0.41870036682696793,0.3223083827238958,0.4109057633588968,7
151509,4787,7,0.3922985721215031,0.4584025158871183,6,0.44791478424838876,0.5756327503102067,0.5279030260644982,0.6190265245117769,7,0.0,0.0,1,0.1955681986675235,0.2685669772383335,0.19733496668611142,0.20515787653403042,7,0.42264912382443415,0.45968791092908534,7,0.383997923704825,0.569417742586115,0.35482354766515567,0.5520961825495181,7
151510,4593,7,0.2966701772175641,0.42823412200985156,7,0.2580388525456598,0.45604391974426095,0.3719177845355135,0.51618431999801,7,0.0,0.0,1,0.1595082927695125,0.21557205181554528,0.1157648351187389,0.1429137826313218,7,0.3440058630085088,0.4240476371947029,4,0.26831924991789124,0.4478492436269705,0.3530420903078129,0.4268851810445848,7
151669,3636,5,-0.035828222843723605,0.22202828707986336,5,0.33710655470443923,0.4582275887384859,0.340041169218604,0.47479652915145953,5,0.0,0.0,1,0.057522821210569376,0.16302756610774216,0.04339645515338862,0.10527686101208354,5,0.5380440223474008,0.5294637102286478,5,0.34669268154894417,0.561446402067118,0.3625182271348249,0.5649240521853055,5
151670,3484,5,0.26822560904629494,0.3546032846649643,5,0.20873856606338367,0.39626512529660607,0.30061313222932556,0.4503665562032078,5,-0.0003878860881546857,0.00023553389101610593,2,0.082346225789066,0.1817353380724252,0.07558403979421717,0.12109806228561538,5,0.2365967605556001,0.3148509662782416,5,0.2032489614277566,0.384865590203678,0.2084173025240886,0.4056202379733456,5
151671,4093,5,0.14561116468730856,0.3074863994558596,5,0.2949331569494485,0.449257338475299,0.41148651388080093,0.5669545214019671,5,0.001829217819454463,0.006282522340710246,2,0.14591243294967607,0.22550595008566915,0.12240284374195508,0.12590242463546314,5,0.14922216940069896,0.3559526992485771,5,0.49401005990089686,0.5611892666632115,0.35631662636557043,0.5448957917236144,5
151672,3888,5,0.6076479501854969,0.5978731128923191,5,0.4846194419619944,0.5604959286449887,0.6864812004483133,0.6677131482604388,5,0.09084614019824232,0.16060947353155416,3,0.14057759913776163,0.21629807038250543,0.1409813981982404,0.1398609062518855,5,0.6882323293452679,0.6431100511648099,5,0.7548752275902537,0.7023853474315381,0.6523077079141516,0.65611034532515,5
151673,3611,7,0.2054751671767608,0.3410668759387961,7,0.4144544105060513,0.5569138530409725,0.3938042636530081,0.5388991487747365,7,0.0,0.0,1,0.1940296648878973,0.2580918712351924,0.11629710072047032,0.16469554381571028,7,0.4602868979158923,0.5216689398231557,6,0.4486729870706347,0.5476147727641395,0.40541690182404294,0.537200597721027,7
151674,3635,7,0.3052428332181941,0.3835473935409529,7,0.28400690508930565,0.4623823025740326,0.44242211780739216,0.5352493354172102,7,0.0,0.0,1,0.20103086044580484,0.27817447443393845,0.19034757921129067,0.21502235762604938,7,0.36952796471692045,0.4106231867032773,7,0.4962994531062513,0.5991057833692293,0.4676028936513753,0.5915992264036407,7
151675,3566,7,0.3126967738091617,0.4629976694688439,7,0.36388049413964446,0.5254710550339223,0.5198638011749303,0.6147801657237633,7,0.0,0.0,1,0.12822545865863894,0.177106674452868,0.08779312206875764,0.09965650407784192,7,0.38478498930540894,0.46754809195027386,7,0.3726354456797615,0.49713340224241936,0.4065233236444721,0.4877772048187868,7
151676,3431,7,0.34413346210327134,0.4789322613880109,7,0.36944356102343867,0.5100346467722188,0.38604651527999706,0.5668905614547864,7,0.0,0.0,1,0.14333984245994175,0.1998386454042237,0.11544386118122967,0.1525300346768283,7,0.08616087234533282,0.18595104271160695,5,0.16431085148499483,0.3048580149049339,0.234847584856386,0.3194236132230704,7
