section,n_spots,n_clusters,STAGATE_k,GraphST_k,SpaGCN_p,STAGATE_dim,GraphST_dim,SpaGCN_dim,STAGATE_ARI,STAGATE_NMI,GraphST_ARI,GraphST_NMI,SpaGCN_ARI,SpaGCN_NMI
151507,4221,7,6,3,0.5,30,64,50,0.42887112410978917,0.5770749329247749,0.19144725458791384,0.27934476010062664,0.3350993659916318,0.46116544837856266
151508,4380,7,6,3,0.5,30,64,50,0.48168036419906096,0.5739213913994371,0.17294257572192126,0.2165576284096311,0.3527156756050897,0.48460075092043725
151509,4787,7,6,3,0.5,30,64,50,0.44791478424838876,0.5756327503102067,0.1955681986675235,0.2685669772383335,0.2821347485769696,0.4471564307473839
151510,4593,7,6,3,0.5,30,64,50,0.2580388525456598,0.45604391974426095,0.1595082927695125,0.21557205181554528,0.26831924991789124,0.4478492436269705
151669,3636,5,6,3,0.5,30,64,50,0.33710655470443923,0.4582275887384859,0.057522821210569376,0.16302756610774216,0.34669268154894417,0.561446402067118
151670,3484,5,6,3,0.5,30,64,50,0.20873856606338367,0.39626512529660607,0.082346225789066,0.1817353380724252,0.2032489614277566,0.384865590203678
151671,4093,5,6,3,0.5,30,64,50,0.2949331569494485,0.449257338475299,0.14591243294967607,0.22550595008566915,0.49401005990089686,0.5611892666632115
151672,3888,5,6,3,0.5,30,64,50,0.4846194419619944,0.5604959286449887,0.14057759913776163,0.21629807038250543,0.7548752275902537,0.7023853474315381
151673,3611,7,6,3,0.5,30,64,50,0.4144544105060513,0.5569138530409725,0.1940296648878973,0.2580918712351924,0.4486729870706347,0.5476147727641395
151674,3635,7,6,3,0.5,30,64,50,0.28400690508930565,0.4623823025740326,0.20103086044580484,0.27817447443393845,0.4962994531062513,0.5991057833692293
151675,3566,7,6,3,0.5,30,64,50,0.36388049413964446,0.5254710550339223,0.12822545865863894,0.177106674452868,0.3726354456797615,0.49713340224241936
151676,3431,7,6,3,0.5,30,64,50,0.36944356102343867,0.5100346467722188,0.14333984245994175,0.1998386454042237,0.16431085148499483,0.3048580149049339
