section,n_spots,n_clusters,STAGATE_PFN_ARI,STAGATE_PFN_NMI,STAGATE_PFN_pred_k,STAGATE_KMeans_ARI,STAGATE_KMeans_NMI,GraphST_PFN_ARI,GraphST_PFN_NMI,GraphST_PFN_pred_k,GraphST_KMeans_ARI,GraphST_KMeans_NMI,SpaGCN_PFN_ARI,SpaGCN_PFN_NMI,SpaGCN_PFN_pred_k,SpaGCN_KMeans_ARI,SpaGCN_KMeans_NMI
151507,4221,7,0.0,0.0,1,0.42887112410978917,0.5770749329247749,0.0,0.0,1,0.19144725458791384,0.27934476010062664,0.0,0.0,1,0.42387283544386745,0.5534781801037016
151508,4380,7,0.0,0.0,1,0.48168036419906096,0.5739213913994371,0.0,0.0,1,0.17294257572192126,0.2165576284096311,0.0,0.0,1,0.2779378289939683,0.41870036682696793
151509,4787,7,0.0,0.0,1,0.44791478424838876,0.5756327503102067,0.0,0.0,1,0.1955681986675235,0.2685669772383335,0.0,0.0,1,0.383997923704825,0.569417742586115
151510,4593,7,0.0,0.0,1,0.2580388525456598,0.45604391974426095,0.0,0.0,1,0.1595082927695125,0.21557205181554528,0.0,0.0,1,0.26831924991789124,0.4478492436269705
151669,3636,5,0.0,0.0,1,0.33710655470443923,0.4582275887384859,0.028528165275399538,0.0076579066382261,2,0.057522821210569376,0.16302756610774216,-0.011572896421813717,0.016521506751741216,2,0.34669268154894417,0.561446402067118
151670,3484,5,0.014838650060993925,0.017569514786207514,2,0.20873856606338367,0.39626512529660607,-0.04878065469543408,0.03530109476054556,2,0.082346225789066,0.1817353380724252,-0.0400141162689831,0.032007766530256644,2,0.2032489614277566,0.384865590203678
151671,4093,5,0.02189950879568912,0.07231295921297255,2,0.2949331569494485,0.449257338475299,0.009788677556548189,0.01964905195214891,2,0.14591243294967607,0.22550595008566915,0.0007536358946254709,0.007777223087617776,2,0.49401005990089686,0.5611892666632115
151672,3888,5,0.0030594671284280475,0.010412996743322576,2,0.4846194419619944,0.5604959286449887,0.008827908916515638,0.024638445697605635,2,0.14057759913776163,0.21629807038250543,0.0429651517486981,0.11214788357987632,2,0.7548752275902537,0.7023853474315381
151673,3611,7,0.0,0.0,1,0.4144544105060513,0.5569138530409725,0.0,0.0,1,0.1940296648878973,0.2580918712351924,0.0,0.0,1,0.4486729870706347,0.5476147727641395
151674,3635,7,0.0,0.0,1,0.28400690508930565,0.4623823025740326,0.0,0.0,1,0.20103086044580484,0.27817447443393845,0.0,0.0,1,0.4962994531062513,0.5991057833692293
151675,3566,7,0.0,0.0,1,0.36388049413964446,0.5254710550339223,0.0,0.0,1,0.12822545865863894,0.177106674452868,0.0,0.0,1,0.3726354456797615,0.49713340224241936
151676,3431,7,0.0,0.0,1,0.36944356102343867,0.5100346467722188,0.0,0.0,1,0.14333984245994175,0.1998386454042237,0.0,0.0,1,0.16431085148499483,0.3048580149049339
