section,n_clusters,STAGATE_KMeans_ARI,STAGATE_KMeans_NMI,STAGATE_Louvain_ARI,STAGATE_Louvain_NMI,STAGATE_PFN_ARI,STAGATE_PFN_NMI,SpaGCN_KMeans_ARI,SpaGCN_KMeans_NMI,SpaGCN_Louvain_ARI,SpaGCN_Louvain_NMI,SpaGCN_PFN_ARI,SpaGCN_PFN_NMI,Fused_KMeans_ARI,Fused_KMeans_NMI,Fused_Louvain_ARI,Fused_Louvain_NMI,Fused_PFN_ARI,Fused_PFN_NMI
151507,7,0.42887112410978917,0.5770749329247749,0.4762045597653034,0.617745554484506,0.44966418648131024,0.5371084383963364,0.42387283544386745,0.5534781801037016,0.4104774257232454,0.5200503517500575,0.3837029183256327,0.46915725332976416,0.43934832410480096,0.5831495513219261,0.5645213969368652,0.6238983737559936,0.32707808602565297,0.4731382450291975
151508,7,0.48168036419906096,0.5739213913994371,0.44302152753193735,0.5713007944515449,0.3740624840147841,0.4802583660124593,0.2779378289939683,0.41870036682696793,0.3223083827238958,0.4109057633588968,0.288328378282188,0.37680941196221823,0.306295485944169,0.47069671214157544,0.42765742178575544,0.5347559876969484,0.28920593408103695,0.46533978096883544
151509,7,0.44791478424838876,0.5756327503102067,0.5279030260644982,0.6190265245117769,0.3922985721215031,0.4584025158871183,0.383997923704825,0.569417742586115,0.35482354766515567,0.5520961825495181,0.42264912382443415,0.45968791092908534,0.4285935179059245,0.6086610823131263,0.48919086383088217,0.622957408059807,0.30066423617322685,0.45858048087008596
151510,7,0.2580388525456598,0.45604391974426095,0.3719177845355135,0.51618431999801,0.2966701772175641,0.42823412200985156,0.26831924991789124,0.4478492436269705,0.3530420903078129,0.4268851810445848,0.3440058630085088,0.4240476371947029,0.2683420412857985,0.45861520425652336,0.3715725718384756,0.5313539541720546,0.37798982019429994,0.459851587266072
151669,5,0.33710655470443923,0.4582275887384859,0.340041169218604,0.47479652915145953,-0.035828222843723605,0.22202828707986336,0.34669268154894417,0.561446402067118,0.3625182271348249,0.5649240521853055,0.5380440223474008,0.5294637102286478,0.3870446574923015,0.5530198191238647,0.41805688066898194,0.58338386447704,0.3725134399134038,0.5534782191862632
151670,5,0.20873856606338367,0.39626512529660607,0.30061313222932556,0.4503665562032078,0.26822560904629494,0.3546032846649643,0.2032489614277566,0.384865590203678,0.2084173025240886,0.4056202379733456,0.2365967605556001,0.3148509662782416,0.20328008991705734,0.3997410554245089,0.35520047271073213,0.4501020461799664,0.3535074368150402,0.3428879922744452
151671,5,0.2949331569494485,0.449257338475299,0.41148651388080093,0.5669545214019671,0.14561116468730856,0.3074863994558596,0.49401005990089686,0.5611892666632115,0.35631662636557043,0.5448957917236144,0.14922216940069896,0.3559526992485771,0.4934481117529,0.5639836430197726,0.5427592824556543,0.6116727380454956,0.23793405067153856,0.40696658282666476
151672,5,0.4846194419619944,0.5604959286449887,0.6864812004483133,0.6677131482604388,0.6076479501854969,0.5978731128923191,0.7548752275902537,0.7023853474315381,0.6523077079141516,0.65611034532515,0.6882323293452679,0.6431100511648099,0.7590053035654374,0.7116703608919147,0.6867757972437393,0.6733151850067678,0.6432737511716812,0.6005394961818614
151673,7,0.4144544105060513,0.5569138530409725,0.3938042636530081,0.5388991487747365,0.2054751671767608,0.3410668759387961,0.4486729870706347,0.5476147727641395,0.40541690182404294,0.537200597721027,0.4602868979158923,0.5216689398231557,0.47008430242877264,0.5725918696473252,0.4132158108167899,0.5788138308149665,0.4556849403856237,0.5625238386190701
151674,7,0.28400690508930565,0.4623823025740326,0.44242211780739216,0.5352493354172102,0.3052428332181941,0.3835473935409529,0.4962994531062513,0.5991057833692293,0.4676028936513753,0.5915992264036407,0.36952796471692045,0.4106231867032773,0.5201086326703558,0.6169051671241494,0.4399385637234755,0.5883867404252108,0.1466437814440185,0.31242459713215975
151675,7,0.36388049413964446,0.5254710550339223,0.5198638011749303,0.6147801657237633,0.3126967738091617,0.4629976694688439,0.3726354456797615,0.49713340224241936,0.4065233236444721,0.4877772048187868,0.38478498930540894,0.46754809195027386,0.39319009868695554,0.5322614195859904,0.5135574758736284,0.6209699231184342,0.308188130101857,0.453288017545166
151676,7,0.36944356102343867,0.5100346467722188,0.38604651527999706,0.5668905614547864,0.34413346210327134,0.4789322613880109,0.16431085148499483,0.3048580149049339,0.234847584856386,0.3194236132230704,0.08616087234533282,0.18595104271160695,0.2663330011599622,0.41096042705923114,0.39743748435522885,0.5254360973252561,0.15820434071521422,0.28930803995841226
